keyword,display
abgeordnete,abgeordnete
antifas,antifa
demo,demonstration
demokratie,demokratie
deutschland,deutschland
drohungen,drohung
elnet,elnet
familienunternehmer,familienunternehmer
fans,fans
generation,generation
gewalt,gewalt
gießen,gießen
jugend,jugend
literaturpolitik,literatur
mobilisierungsstrategien,mobilisierung
narrative,narrativ
protest,protest
proteste,protest
prüfung,prüfung
verband,verband
verbot,verbot
verbotsverfahrens,verbot
gewalttat,gewalt
limburg,limburg
nova,nova
demoverbotszone,demonstration
netzwerk,netzwerk
düsseldorf,düsseldorf
gründung,gründung
georgian,georgia
auto,auto
blockade,blockade
blood,blood
radikalität,radikalität
jugendorganisation,jugend
bürgergeld,bürgergeld
reform,reform
frankfurter,frankfurter
polizeirevier,polizeirevier
übergriffe,übergriffe
asse,asse
atommüll,atommüll
czernohorszky,czernohorszky
hoffnung,hoffnung
jagoda,jagoda
beate,beate
boulgarides,boulgarides
gamze,gamze
polizeigewalt,polizeigewalt
szene,szene
tattoo,tattoo
bundesverteidigungsministeriums,verteidigungsministerium
justiz,justiz
anna,anna
brandau,brandau
munition,munition
bundeswehr,bundeswehr
chemnitz,chemnitz
dokumentationszentrum,dokumentationszentrum
spanien,spanien
durchsuchungen,durchsuchung
zschäpe,zschäpe
prozess,prozess
zehntausende,zehntausende
aktion,aktion
lübcke,lübcke
statue,statue
angriff,angriff
cottbus,cottbus
jugendclub,jugendclub
demonstranten,demonstranten
bürgerkriegs,bürgerkrieg
merz,merz
stadtbild,stadtbild
dobrindt,dobrindt
politische,politische
medien,medien
femizids,femizid
guttenberg,guttenberg
bundeswirtschaftsministerium,wirtschaftsministerium
karl,karl
digital,digital
bauernverband,bauernverband
landvolk,landvolk
landwirten,landwirtschaft
antonia,antonia
abu,abu
dhabi,dhabi
frühere,frühere
rechtsanwältin,rechtsanwältin
verfahrensführung,verfahrensführung
instant,instant
kunstaktion,kunstaktion
empörung,empörung
rechtfertigung,rechtfertigung
mahnmal,mahnmal
zentrum,zentrum
parolen,parolen
besuch,besuch
betreiben,betreiben
denkfabrik,denkfabrik
jens,jens
frauen,frauen
aula,aula
dutzende,dutzende
mitmensch,mitmensch
beratungsstellen,beratungsstellen
neonazis,neonazis
anfragen,anfragen
antifaschismus,antifaschismus
faschismus,faschismus
klimagerechtigkeit,klimagerechtigkeit
tag,tag
wahl,wahl
kritik,kritik
berlin,berlin
daten,daten
ermittler,ermittler
walter,walter
aktivisten,aktivisten
milliardäre,milliardäre
superreichen,superreichen
isegrim,isegrim
bautzen,bautzen
clothings,clothings
anatomie,anatomie
assad,assad
aufschluss,aufschluss
installation,installation
amazon,amazon
erfurt,erfurt
lager,lager
afghanistan,afghanistan
taliban,taliban
abschiebeoffensive,abschiebeoffensive
arbeiter,arbeiter
generationenkonflikt,generationenkonflikt
höhere,höhere
andreas,andreas
entstehung,entstehung
abschaffung,abschaffung
asylverfahren,asylverfahren
vertretung,vertretung
commission,commission
act,act
european,european
freiheit,freiheit
neues,neues
polizeigesetz,polizeigesetz
abstimmung,abstimmung
enthaltung,enthaltung
ramelow,ramelow
chaos,chaos
verkehrssimulation,verkehrssimulation
abschnitt,abschnitt
armutsforscher,armutsforscher
reichtumsbericht,reichtumsbericht
armuts,armuts
